{
  "restaurants": [
    {
        "id": "a45d",
        "name": "Le Bistrot du Rire",
        "description": "Un restaurant où le rire est au menu",
        "categoryIds": [
            "71b2"
        ]
    },
    {
        "id": "12b3",
        "name": "Le Grill Marrant",
        "description": "Des grillades qui vous feront sourire",
        "categoryIds": [
            "34b0"
        ]
    },
    {
        "id": "3aa8",
        "name": "Le Café Rigolo",
        "description": "Un café où chaque tasse est une blague",
        "categoryIds": [
            "71b2"
        ]
    },
    {
        "id": "55fa",
        "name": "La Crêperie Rigolote",
        "description": "Des crêpes qui vous feront éclater de rire",
        "categoryIds": [
            "71b2",
            "c29a"
        ]
    }
],
"categories": [
    {
        "id": "71b2",
        "name": "Humour",
        "restaurantIds": [
            "a45d",
            "55fa",
            "3aa8"
        ]
    },
    {
        "id": "c29a",
        "name": "Pizza",
        "restaurantIds": [
            "55fa"
        ]
    },
    {
        "id": "34b0",
        "name": "Grillades",
        "restaurantIds": [
            "12b3"
        ]
    }
],
"restaurantCategories": [
    {
        "restaurantId": "a45d",
        "categoryId": "71b2"
    },
    {
        "restaurantId": "12b3",
        "categoryId": "34b0"
    },
    {
        "restaurantId": "3aa8",
        "categoryId": "71b2"
    },
    {
        "restaurantId": "55fa",
        "categoryId": "71b2"
    },
    {
        "restaurantId": "55fa",
        "categoryId": "c29a"
    }
]
}